{
  "n_train": 703,
  "events_train": 140,
  "n_val": 144,
  "events_val": 32,
  "n_test": 148,
  "events_test": 19,
  "n_features": 79,
  "subtype_cols": [
    "amp1q",
    "del1p",
    "del13q",
    "del17p",
    "t_4_14",
    "t_11_14",
    "t_14_16",
    "hyperdiploid"
  ],
  "best_model": {
    "model": "aft",
    "val_cindex": 0.7711088504577823,
    "test_cindex": 0.7817312798725438,
    "test_cindex_ci_low": 0.6584955492660322,
    "test_cindex_ci_high": 0.885146474857686,
    "ibs_proxy_test": 0.25624717315393336,
    "n_test": 148,
    "events_test": 19
  }
}