feature,coef,abs_coef,hazard_ratio
iss_3,0.2452223639450818,0.2452223639450818,1.2779054417092082
albumin,-0.2097414779050385,0.2097414779050385,0.8107938269970939
age,0.20467736678311557,0.20467736678311557,1.2271290884836799
b2m,0.14472478915851408,0.14472478915851408,1.155721459420882
sex_M,0.12870318911500994,0.12870318911500994,1.1373524954615495
line_of_therapy,0.09330892654078603,0.09330892654078603,1.0978008226994602
iss_2,0.05003387985245071,0.05003387985245071,1.0513067138890095
